"Datum"	"Positief getest werkelijk"	"Opgenomen (geweest) in ziekenhuis"	"Overleden"	"Opgenomen (geweest) op IC"	"Op dit moment op IC"
2020-02-27	0	61	0	16549	13
2020-02-28	0	126	0	17822	14
2020-02-29	0	191	0	19095	15
2020-03-01	0	263	0	21641	17
2020-03-02	0	346	0	21641	16
2020-03-03	0	436	0	24187	18
2020-03-04	0	538	0	28006	21
2020-03-05	0	649	0	30552	21
2020-03-06	0	778	0	35644	24
2020-03-07	0	915	0	39463	26
2020-03-08	0	1071	0	45828	32
2020-03-09	0	1252	0	54739	37
2020-03-10	0	1456	0	67469	45
2020-03-11	0	1696	0	78926	52
2020-03-12	0	1979	0	108205	72
2020-03-13	0	2331	0	124754	82
2020-03-14	0	2722	0	151487	101
2020-03-15	0	3161	0	187131	123
2020-03-16	0	3733	0	229140	153
2020-03-17	0	4389	0	273695	182
2020-03-18	0	5173	0	344983	233
2020-03-19	0	6166	0	430274	293
2020-03-20	0	7331	0	537206	365
2020-03-21	0	8576	0	642865	435
2020-03-22	0	9922	0	738340	486
2020-03-23	0	11596	0	864367	575
2020-03-24	0	13522	0	1005670	654
2020-03-25	0	15665	0	1159703	754
2020-03-26	0	18006	0	1303552	840
2020-03-27	0	20606	0	1452493	923
2020-03-28	0	23145	0	1584885	987
2020-03-29	0	25637	0	1702001	1038
2020-03-30	0	28275	0	1866218	1122
2020-03-31	0	30841	0	2007521	1187
2020-04-01	0	33309	0	2105542	1205
2020-04-02	0	35755	0	2230296	1250
2020-04-03	0	38207	0	2328317	1277
2020-04-04	0	40448	0	2412335	1282
2020-04-05	0	42639	0	2509083	1306
2020-04-06	0	44950	0	2586736	1313
2020-04-07	0	47121	0	2663116	1315
2020-04-08	0	49152	0	2736950	1286
2020-04-09	0	51008	0	2803146	1283
2020-04-10	0	52775	0	2866796	1290
2020-04-11	0	54355	0	2904986	1260
2020-04-12	0	55879	0	2948268	1241
2020-04-13	0	57394	0	3005553	1225
2020-04-14	0	58923	0	3053927	1203
2020-04-15	0	60366	0	3085752	1178
2020-04-16	0	61698	0	3123942	1144
2020-04-17	0	62988	0	3157040	1113
2020-04-18	0	64138	0	3181227	1068
2020-04-19	0	65260	0	3206687	1037
2020-04-20	0	66421	0	3241058	1016
2020-04-21	0	67536	0	3270337	981
2020-04-22	0	68571	0	3289432	923
2020-04-23	0	69565	0	3309800	882
2020-04-24	0	70503	0	3333987	864
2020-04-25	0	71312	0	3351809	833
2020-04-26	0	72091	0	3368358	806
2020-04-27	0	72854	0	3386180	785
2020-04-28	0	73633	0	3405275	764
2020-04-29	0	74354	0	3420551	736
2020-04-30	0	75051	0	3443465	712
2020-05-01	0	75694	0	3454922	678
2020-05-02	0	76254	0	3466379	639
2020-05-03	0	76798	0	3480382	626
2020-05-04	0	77390	0	3495658	615
2020-05-05	0	77915	0	3499477	574
2020-05-06	0	78455	0	3508388	548
2020-05-07	0	78969	0	3521118	527
2020-05-08	0	79482	0	3530029	495
2020-05-09	0	79947	0	3536394	473
2020-05-10	0	80394	0	3541486	455
2020-05-11	0	80870	0	3551670	449
2020-05-12	0	81317	0	3554216	407
2020-05-13	0	81738	0	3559308	391
2020-05-14	0	82126	0	3570765	365
2020-05-15	0	82493	0	3574584	348
2020-05-16	0	82817	0	3584768	333
2020-05-17	0	83155	0	3589860	327
2020-05-18	0	83525	0	3594952	322
2020-05-19	0	83871	0	3596225	288
2020-05-20	0	84203	0	3598771	278
2020-05-21	0	84501	0	3601317	257
2020-05-22	0	84829	0	3606409	246
2020-05-23	0	85121	0	3611501	231
2020-05-24	0	85405	0	3620412	230
2020-05-25	0	85724	0	3621685	220
2020-05-26	0	86037	0	3626777	197
2020-05-27	0	86320	0	3631869	183
2020-05-28	0	86582	0	3633142	175
2020-05-29	0	86846	0	3636961	165
2020-05-30	0	87093	0	3640780	156
2020-05-31	0	87335	0	3644599	158
2020-06-01	0	87581	0	3650964	156
2020-06-02	0	87849	0	3652237	151
2020-06-03	0	88108	0	3658602	137
2020-06-04	0	88352	0	3666240	135
2020-06-05	0	88579	0	3670059	132
2020-06-06	0	88773	0	3672605	130
2020-06-07	0	88967	0	3676424	129
2020-06-08	0	89161	0	3676424	127
2020-06-09	0	89335	0	3678970	120
2020-06-10	0	89493	0	3681516	117
2020-06-11	0	89655	0	3682789	113
2020-06-12	0	89808	0	3686608	110
2020-06-13	0	89942	0	3689154	108
2020-06-14	0	90075	0	3689154	107
2020-06-15	0	90211	0	3690427	106
2020-06-16	0	90347	0	3692973	97
2020-06-17	0	90475	0	3692973	88
2020-06-18	0	90604	0	3694246	81
2020-06-19	0	90729	0	3694246	74
2020-06-20	0	90835	0	3696792	74
2020-06-21	0	90942	0	3696792	70
2020-06-22	0	91052	0	3700611	72
2020-06-23	0	91163	0	3701884	65
2020-06-24	0	91273	0	3703157	61
2020-06-25	0	91390	0	3703157	59
2020-06-26	0	91503	0	3703157	53
2020-06-27	0	91595	0	3703157	49
2020-06-28	0	91691	0	3703157	45
2020-06-29	0	91796	0	3703157	45
2020-06-30	0	91887	0	3705703	45
2020-07-01	0	91976	0	3705703	41
2020-07-02	0	92058	0	3709522	43
2020-07-03	0	92140	0	3709522	40
2020-07-04	0	92212	0	3710795	41
2020-07-05	0	92287	0	3710795	39
2020-07-06	0	92366	0	3710795	38
2020-07-07	0	92447	0	3712068	36
2020-07-08	0	92526	0	3714614	33
2020-07-09	0	92605	0	3715887	33
2020-07-10	0	92694	0	3717160	34
2020-07-11	0	92775	0	3717160	32
2020-07-12	0	92856	0	3718433	33
2020-07-13	0	92944	0	3718433	32
2020-07-14	0	93033	0	3718433	29
2020-07-15	0	93115	0	3719706	29
2020-07-16	0	93193	0	3720979	28
2020-07-17	0	93269	0	3720979	28
2020-07-18	0	93352	0	3720979	27
2020-07-19	0	93438	0	3722252	28
2020-07-20	0	93527	0	3723525	28
2020-07-21	0	93615	0	3726071	28
2020-07-22	0	93692	0	3727344	28
2020-07-23	0	93776	0	3728617	26
2020-07-24	0	93858	0	3729890	25
2020-07-25	0	93943	0	3731163	22
2020-07-26	0	94030	0	3734982	23
2020-07-27	0	94125	0	3738801	26
2020-07-28	0	94223	0	3738801	26
2020-07-29	0	94312	0	3738801	25
2020-07-30	0	94405	0	3742620	27
2020-07-31	0	94502	0	3747712	30
2020-08-01	0	94600	0	3750258	31
2020-08-02	0	94708	0	3752804	32
2020-08-03	0	94826	0	3756623	35
2020-08-04	0	94937	0	3760442	37
2020-08-05	0	95043	0	3762988	36
2020-08-06	0	95148	0	3766807	39
2020-08-07	0	95260	0	3768080	39
2020-08-08	0	95379	0	3769353	40
2020-08-09	0	95511	0	3776991	45
2020-08-10	0	95653	0	3782083	43
2020-08-11	0	95814	0	3785902	45
2020-08-12	0	95977	0	3790994	45
2020-08-13	0	96140	0	3796086	43
2020-08-14	0	96298	0	3803724	48
2020-08-15	0	96452	0	3804997	46
2020-08-16	0	96615	0	3810089	47
2020-08-17	0	96795	0	3820273	55
2020-08-18	0	96970	0	3822819	51
2020-08-19	0	97148	0	3826638	50
2020-08-20	0	97335	0	3834276	52
2020-08-21	0	97516	0	3840641	55
2020-08-22	0	97677	0	3840641	51
2020-08-23	0	97839	0	3847006	53
2020-08-24	0	98005	0	3849552	53
2020-08-25	0	98178	0	3853371	48
2020-08-26	0	98341	0	3853371	46
2020-08-27	0	98489	0	3855917	45
2020-08-28	0	98639	0	3858463	43
2020-08-29	0	98772	0	3862282	44
2020-08-30	0	98907	0	3866101	49
2020-08-31	0	99053	0	3867374	48
2020-09-01	0	99198	0	3869920	44
2020-09-02	0	99349	0	3872466	43
2020-09-03	0	99495	0	3876285	44
2020-09-04	0	99648	0	3881377	48
2020-09-05	0	99801	0	3882650	44
2020-09-06	0	99972	0	3887742	48
2020-09-07	0	100164	0	3891561	49
2020-09-08	0	100370	0	3895380	48
2020-09-09	0	100596	0	3900472	49
2020-09-10	0	100816	0	3906837	52
2020-09-11	0	101056	0	3914475	57
2020-09-12	0	101293	0	3922113	61
2020-09-13	0	101543	0	3927205	63
2020-09-14	0	101834	0	3941208	74
2020-09-15	0	102133	0	3946300	74
2020-09-16	0	102459	0	3947573	69
2020-09-17	0	102803	0	3953938	70
2020-09-18	0	103185	0	3962849	73
2020-09-19	0	103585	0	3980671	86
2020-09-20	0	104005	0	3997220	97
2020-09-21	0	104477	0	4013769	106
2020-09-22	0	104979	0	4027772	113
2020-09-23	0	105524	0	4044321	122
2020-09-24	0	106118	0	4058324	129
2020-09-25	0	106740	0	4081238	143
2020-09-26	0	107357	0	4097787	148
2020-09-27	0	108007	0	4120701	159
2020-09-28	0	108712	0	4139796	166
2020-09-29	0	109454	0	4169075	176
2020-09-30	0	110213	0	4188170	177
2020-10-01	0	111000	0	4204719	181
2020-10-02	0	111809	0	4222541	181
2020-10-03	0	112640	0	4246728	191
2020-10-04	0	113511	0	4273461	202
2020-10-05	0	114487	0	4309105	217
2020-10-06	0	115508	0	4352387	239
2020-10-07	0	116552	0	4390577	252
2020-10-08	0	117624	0	4418583	258
2020-10-09	0	118772	0	4454227	274
2020-10-10	0	119902	0	4488598	273
2020-10-11	0	121090	0	4512785	279
2020-10-12	0	122425	0	4564978	302
2020-10-13	0	123857	0	4610806	321
2020-10-14	0	125283	0	4655361	341
2020-10-15	0	126736	0	4703735	359
2020-10-16	0	128238	0	4773750	396
2020-10-17	0	129731	0	4811940	391
2020-10-18	0	131259	0	4864133	414
2020-10-19	0	132939	0	4940513	452
2020-10-20	0	134677	0	5004163	478
2020-10-21	0	136449	0	5065267	493
2020-10-22	0	138293	0	5120006	506
2020-10-23	0	140218	0	5187475	520
2020-10-24	0	142075	0	5234576	524
2020-10-25	0	144004	0	5294407	540
2020-10-26	0	146093	0	5370787	567
2020-10-27	0	148191	0	5433164	578
2020-10-28	0	150266	0	5498087	596
2020-10-29	0	152312	0	5556645	607
2020-10-30	0	154378	0	5610111	614
2020-10-31	0	156365	0	5671215	623
2020-11-01	0	158374	0	5725954	632
2020-11-02	0	160592	0	5802334	658
2020-11-03	0	162757	0	5843070	653
2020-11-04	0	164855	0	5893990	658
2020-11-05	0	166882	0	5938545	650
2020-11-06	0	168833	0	5983100	647
2020-11-07	0	170634	0	6032747	639
2020-11-08	0	172415	0	6088759	644
2020-11-09	0	174341	0	6140952	645
2020-11-10	0	176204	0	6188053	648
2020-11-11	0	178021	0	6233881	643
2020-11-12	0	179786	0	6286074	648
2020-11-13	0	181532	0	6325537	650
2020-11-14	0	183144	0	6353543	617
2020-11-15	0	184751	0	6396825	621
2020-11-16	0	186505	0	6442653	617
2020-11-17	0	188230	0	6479570	604
2020-11-18	0	189897	0	6519033	588
2020-11-19	0	191503	0	6568680	590
2020-11-20	0	193019	0	6605597	581
2020-11-21	0	194438	0	6632330	567
2020-11-22	0	195891	0	6664155	562
2020-11-23	0	197474	0	6697253	564
2020-11-24	0	199010	0	6741808	557
2020-11-25	0	200475	0	6794001	563
2020-11-26	0	201946	0	6832191	558
2020-11-27	0	203409	0	6853832	541
2020-11-28	0	204772	0	6880565	535
2020-11-29	0	206140	0	6904752	520
2020-11-30	0	207593	0	6937850	517
2020-12-01	0	209000	0	6976040	510
2020-12-02	0	210370	0	7014230	511
2020-12-03	0	211747	0	7052420	499
2020-12-04	0	213157	0	7094429	509
2020-12-05	0	214519	0	7126254	503
2020-12-06	0	215922	0	7161898	508
2020-12-07	0	217436	0	7188631	504
2020-12-08	0	218935	0	7239551	514
2020-12-09	0	220417	0	7279014	506
2020-12-10	0	221896	0	7321023	511
2020-12-11	0	223447	0	7366851	508
2020-12-12	0	224970	0	7394857	505
2020-12-13	0	226546	0	7448323	530
2020-12-14	0	228294	0	7480148	535
2020-12-15	0	230037	0	7537433	548
2020-12-16	0	231807	0	7583261	559
2020-12-17	0	233621	0	7644365	584
2020-12-18	0	235490	0	7694012	591
2020-12-19	0	237262	0	7748751	602
2020-12-20	0	239048	0	7818766	624
2020-12-21	0	241031	0	7859502	621
2020-12-22	0	243032	0	7914241	629
2020-12-23	0	245059	0	7975345	646
2020-12-24	0	247104	0	8037722	651
2020-12-25	0	249048	0	8083550	644
2020-12-26	0	251031	0	8137016	657
2020-12-27	0	253105	0	8193028	673
2020-12-28	0	255462	0	8280865	708
2020-12-29	0	257798	0	8359791	728
2020-12-30	0	260093	0	8418349	736
2020-12-31	0	262309	0	8469269	737
2021-01-01	0	264362	0	8520189	725
2021-01-02	0	266465	0	8571109	730
2021-01-03	0	268592	0	8628394	732
2021-01-04	0	270844	0	8702228	750
2021-01-05	0	273062	0	8770970	746
2021-01-06	0	275223	0	8828255	733
2021-01-07	0	277326	0	8876629	732
2021-01-08	0	279367	0	8933914	730
2021-01-09	0	281234	0	8973377	710
2021-01-10	0	283111	0	9012840	706
2021-01-11	0	285120	0	9061214	718
2021-01-12	0	287064	0	9118499	725
2021-01-13	0	288951	0	9164327	726
2021-01-14	0	290776	0	9207609	709
2021-01-15	0	292583	0	9254710	702
2021-01-16	0	294263	0	9289081	684
2021-01-17	0	295898	0	9337455	692
2021-01-18	0	297659	0	9389648	702
2021-01-19	0	299407	0	9432930	695
2021-01-20	0	301080	0	9474939	687
2021-01-21	0	302754	0	9525859	692
2021-01-22	0	304407	0	9570414	684
2021-01-23	0	305982	0	9612423	673
2021-01-24	0	307567	0	9645521	671
2021-01-25	0	309247	0	9715536	694
2021-01-26	0	310881	0	9758818	685
2021-01-27	0	312453	0	9794462	659
2021-01-28	0	313984	0	9850474	661
2021-01-29	0	315526	0	9884845	656
2021-01-30	0	316998	0	9924308	642
2021-01-31	0	318505	0	9970136	658
2021-02-01	0	320118	0	10008326	661
2021-02-02	0	321698	0	10043970	642
2021-02-03	0	323220	0	10080887	627
2021-02-04	0	324710	0	10113985	603
2021-02-05	0	326191	0	10138172	572
2021-02-06	0	327547	0	10164905	546
2021-02-07	0	328886	0	10191638	532
2021-02-08	0	330330	0	10232374	544
2021-02-09	0	331748	0	10257834	541
2021-02-10	0	333167	0	10293478	541
2021-02-11	0	334572	0	10334214	539
2021-02-12	0	335954	0	10376223	535
2021-02-13	0	337239	0	10404229	529
2021-02-14	0	338530	0	10437327	534
2021-02-15	0	339935	0	10483155	547
2021-02-16	0	341324	0	10532802	542
2021-02-17	0	342697	0	10578630	542
2021-02-18	0	344077	0	10613001	530
2021-02-19	0	345436	0	10653737	533
2021-02-20	0	346700	0	10704657	539
2021-02-21	0	347963	0	10750485	554
2021-02-22	0	349337	0	10791221	566
2021-02-23	0	350700	0	10824319	553
2021-02-24	0	352046	0	10862509	549
2021-02-25	0	353353	0	10922340	560
2021-02-26	0	354648	0	10959257	545
2021-02-27	0	355887	0	10985990	526
2021-02-28	0	357142	0	11039456	545
2021-03-01	0	358521	0	11104379	576
2021-03-02	0	359881	0	11154026	570
2021-03-03	0	361194	0	11197308	559
2021-03-04	0	362488	0	11250774	571
2021-03-05	0	363766	0	11296602	565
2021-03-06	0	364961	0	11344976	574
2021-03-07	0	366177	0	11386985	575
2021-03-08	0	367504	0	11440451	599
2021-03-09	0	368832	0	11485006	590
2021-03-10	0	370133	0	11539745	601
2021-03-11	0	371424	0	11593211	602
2021-03-12	0	372720	0	11632674	592
2021-03-13	0	373980	0	11675956	578
2021-03-14	0	375266	0	11728149	583
2021-03-15	0	376673	0	11785434	599
2021-03-16	0	378084	0	11842719	609
2021-03-17	0	379482	0	11891093	591
2021-03-18	0	380921	0	11959835	598
2021-03-19	0	382371	0	12020939	610
2021-03-20	0	383777	0	12069313	618
2021-03-21	0	385231	0	12135509	636
2021-03-22	0	386820	0	12186429	648
2021-03-23	0	388375	0	12239895	643
2021-03-24	0	389937	0	12288269	641
2021-03-25	0	391494	0	12363376	658
2021-03-26	0	393073	0	12439756	663
2021-03-27	0	394578	0	12490676	666
2021-03-28	0	396103	0	12535231	672
2021-03-29	0	397816	0	12596335	693
2021-03-30	0	399505	0	12661258	694
2021-03-31	0	401154	0	12737638	708
2021-04-01	0	402818	0	12796196	702
2021-04-02	0	404414	0	12884033	735
2021-04-03	0	405913	0	12942591	745
2021-04-04	0	407426	0	13012606	759
2021-04-05	0	409009	0	13080075	770
2021-04-06	0	410699	0	13150090	785
2021-04-07	0	412383	0	13230289	801
2021-04-08	0	414031	0	13291393	806
2021-04-09	0	415700	0	13361408	810
2021-04-10	0	417279	0	13427604	800
2021-04-11	0	418871	0	13501438	804
2021-04-12	0	420536	0	13563815	807
2021-04-13	0	422147	0	13619827	795
2021-04-14	0	423730	0	13688569	802
2021-04-15	0	425292	0	13770041	819
2021-04-16	0	426890	0	13837510	812
2021-04-17	0	428408	0	13906252	821
2021-04-18	0	429955	0	13974994	820
2021-04-19	0	431699	0	14056466	846
2021-04-20	0	433450	0	14122662	834
2021-04-21	0	435202	0	14187585	842
2021-04-22	0	436952	0	14244870	843
2021-04-23	0	438674	0	14326342	858
2021-04-24	0	440277	0	14391265	841
2021-04-25	0	441907	0	14446004	838
2021-04-26	0	443710	0	14522384	841
2021-04-27	0	445422	0	14588580	838
2021-04-28	0	447257	0	14650957	835
2021-04-29	0	449126	0	14734975	842
2021-04-30	0	450974	0	14799898	838
2021-05-01	0	452698	0	14848272	822
2021-05-02	0	454372	0	14933563	854
2021-05-03	0	456150	0	14999759	851
2021-05-04	0	457871	0	15064682	851
2021-05-05	0	459469	0	15121967	837
2021-05-06	0	461088	0	15179252	821
2021-05-07	0	462717	0	15237810	809
2021-05-08	0	464227	0	15286184	790
2021-05-09	0	465708	0	15332012	780
2021-05-10	0	467283	0	15377840	763
2021-05-11	0	468798	0	15430033	752
2021-05-12	0	470237	0	15478407	741
2021-05-13	0	471563	0	15512778	726
2021-05-14	0	472956	0	15553514	725
2021-05-15	0	474233	0	15595523	708
2021-05-16	0	475483	0	15627348	687
2021-05-17	0	476821	0	15674449	686
2021-05-18	0	478112	0	15716458	661
2021-05-19	0	479311	0	15745737	640
2021-05-20	0	480470	0	15775016	627
2021-05-21	0	481588	0	15804295	611
2021-05-22	0	482595	0	15837393	608
2021-05-23	0	483567	0	15864126	600
2021-05-24	0	484534	0	15902316	600
2021-05-25	0	485528	0	15923957	587
2021-05-26	0	486453	0	15940506	561
2021-05-27	0	487309	0	15963420	547
2021-05-28	0	488126	0	15983788	527
2021-05-29	0	488854	0	15997791	507
2021-05-30	0	489555	0	16013067	493
2021-05-31	0	490286	0	16024524	474
2021-06-01	0	490966	0	16033435	449
2021-06-02	0	491602	0	16049984	427
2021-06-03	0	492200	0	16057622	398
2021-06-04	0	492803	0	16063987	372
2021-06-05	0	493365	0	16072898	357
2021-06-06	0	493920	0	16079263	347
2021-06-07	0	494485	0	16085628	343
2021-06-08	0	495017	0	16095812	325
2021-06-09	0	495494	0	16107269	313
2021-06-10	0	495941	0	16112361	301
2021-06-11	0	496361	0	16119999	285
2021-06-12	0	496732	0	16128910	272
2021-06-13	0	497103	0	16131456	267
2021-06-14	0	497498	0	16140367	268
2021-06-15	0	497850	0	16145459	254
2021-06-16	0	498181	0	16153097	241
2021-06-17	0	498508	0	16159462	230
2021-06-18	0	498829	0	16163281	219
2021-06-19	0	499121	0	16169646	208
2021-06-20	0	499410	0	16173465	198
2021-06-21	0	499700	0	16179830	196
2021-06-22	0	499964	0	16184922	185
2021-06-23	0	500219	0	16187468	173
2021-06-24	0	500453	0	16188741	160
2021-06-25	0	500673	0	16192560	152
2021-06-26	0	500881	0	16192560	148
2021-06-27	0	501090	0	16196379	143
2021-06-28	0	501292	0	16198925	142
2021-06-29	0	501493	0	16198925	131
2021-06-30	0	501680	0	16200198	126
2021-07-01	0	501869	0	16200198	115
2021-07-02	0	502049	0	16205290	112
2021-07-03	0	502223	0	16206563	112
2021-07-04	0	502401	0	16209109	112
2021-07-05	0	502582	0	16210382	111
2021-07-06	0	502754	0	16211655	106
2021-07-07	0	502925	0	16211655	98
2021-07-08	0	503103	0	16211655	90
2021-07-09	0	503283	0	16215474	89
2021-07-10	0	503469	0	16218020	86
2021-07-11	0	503666	0	16224385	87
2021-07-12	0	503878	0	16228204	90
2021-07-13	0	504098	0	16234569	86
2021-07-14	0	504341	0	16237115	83
2021-07-15	0	504605	0	16243480	83
2021-07-16	0	504893	0	16254937	87
2021-07-17	0	505197	0	16260029	88
2021-07-18	0	505542	0	16267667	91
2021-07-19	0	505941	0	16296946	109
2021-07-20	0	506376	0	16310949	112
2021-07-21	0	506821	0	16330044	120
2021-07-22	0	507279	0	16344047	124
2021-07-23	0	507775	0	16363142	132
2021-07-24	0	508280	0	16393694	143
2021-07-25	0	508797	0	16414062	152
2021-07-26	0	509372	0	16438249	162
2021-07-27	0	509966	0	16467528	173
2021-07-28	0	510560	0	16498080	184
2021-07-29	0	511162	0	16515902	188
2021-07-30	0	511768	0	16536270	187
2021-07-31	0	512352	0	16557911	194
2021-08-01	0	512950	0	16582098	204
2021-08-02	0	513573	0	16605012	214
2021-08-03	0	514152	0	16621561	211
2021-08-04	0	514702	0	16647021	218
2021-08-05	0	515237	0	16675027	221
2021-08-06	0	515764	0	16691576	222
2021-08-07	0	516275	0	16715763	222
2021-08-08	0	516774	0	16736131	221
2021-08-09	0	517284	0	16752680	223
2021-08-10	0	517796	0	16770502	225
2021-08-11	0	518290	0	16792143	223
2021-08-12	0	518795	0	16804873	218
2021-08-13	0	519318	0	16822695	211
2021-08-14	0	519833	0	16837971	209
2021-08-15	0	520366	0	16853247	209
2021-08-16	0	520932	0	16867250	210
2021-08-17	0	521483	0	16883799	213
2021-08-18	0	522016	0	16907986	224
2021-08-19	0	522546	0	16924535	223
2021-08-20	0	523065	0	16943630	225
2021-08-21	0	523549	0	16960179	223
2021-08-22	0	524055	0	16974182	227
2021-08-23	0	524593	0	16997096	239
2021-08-24	0	525114	0	17013645	235
2021-08-25	0	525620	0	17031467	232
2021-08-26	0	526124	0	17051835	228
2021-08-27	0	526630	0	17068384	232
2021-08-28	0	527115	0	17084933	233
2021-08-29	0	527609	0	17095117	227
2021-08-30	0	528137	0	17109120	228
2021-08-31	0	528641	0	17120577	220
2021-09-01	0	529137	0	17137126	214
2021-09-02	0	529632	0	17160040	216
2021-09-03	0	530139	0	17180408	221
2021-09-04	0	530626	0	17194411	219
2021-09-05	0	531111	0	17210960	222
2021-09-06	0	531615	0	17228782	229
2021-09-07	0	532128	0	17247877	231
2021-09-08	0	532645	0	17263153	229
2021-09-09	0	533143	0	17280975	225
2021-09-10	0	533634	0	17300070	223
2021-09-11	0	534118	0	17307708	216
2021-09-12	0	534612	0	17312800	207
2021-09-13	0	535126	0	17317892	207
2021-09-14	0	535626	0	17336987	211
2021-09-15	0	536100	0	17357355	211
2021-09-16	0	536566	0	17364993	208
2021-09-17	0	537022	0	17375177	204
2021-09-18	0	537454	0	17384088	200
2021-09-19	0	537880	0	17398091	205
2021-09-20	0	538322	0	17407002	208
2021-09-21	0	538741	0	17423551	207
2021-09-22	0	539137	0	17431189	193
2021-09-23	0	539527	0	17445192	194
2021-09-24	0	539905	0	17454103	189
2021-09-25	0	540261	0	17464287	183
2021-09-26	0	540624	0	17471925	179
2021-09-27	0	541017	0	17475744	171
2021-09-28	0	541408	0	17483382	162
2021-09-29	0	541791	0	17492293	155
2021-09-30	0	542185	0	17499931	147
2021-10-01	0	542589	0	17510115	146
2021-10-02	0	542971	0	17520299	141
2021-10-03	0	543364	0	17530483	143
2021-10-04	3258904	543800	6385	17547032	150
2021-10-05	6806410	544244	7662	17554670	139
2021-10-06	10185352	544700	19155	17571219	141
2021-10-07	13472350	545148	26817	17578857	136
2021-10-08	17035180	545606	37033	17592860	138
2021-10-09	20821485	546061	48526	17609409	145
2021-10-10	24773800	546536	58742	17622139	148
2021-10-11	29705574	547053	72789	17637415	154
2021-10-12	34670550	547600	86836	17646326	150
2021-10-13	39547413	548167	108545	17661602	155
2021-10-14	44500896	548748	136639	17674332	155
2021-10-15	49746812	549350	160902	17688335	149
2021-10-16	55014437	549948	174949	17701065	146
2021-10-17	60541293	550576	192827	17723979	157
2021-10-18	67751235	551264	219644	17741801	166
2021-10-19	75410681	551975	240076	17764715	169
2021-10-20	83500476	552721	272001	17790175	180
2021-10-21	91051377	553497	298818	17806724	184
2021-10-22	98878110	554288	328189	17838549	203
2021-10-23	106698458	555083	351175	17847460	199
2021-10-24	114721849	555907	374161	17871647	204
2021-10-25	124520270	556812	417579	17890742	213
2021-10-26	134494917	557740	448227	17918748	214
2021-10-27	145349417	558730	486537	17945481	223
2021-10-28	155505398	559776	535063	17973487	227
2021-10-29	166290940	560903	569542	18009131	242
2021-10-30	177155656	562048	611683	18024407	229
2021-10-31	188449444	563250	655101	18054959	239
2021-11-01	202534754	564591	703627	18084238	253
2021-11-02	216934206	565980	744491	18127520	268
2021-11-03	231753791	567359	776416	18165710	280
2021-11-04	246188999	568758	828773	18198808	286
2021-11-05	261639422	570214	878576	18233179	298
2021-11-06	277773040	571627	925825	18276461	312
2021-11-07	294909103	573112	975628	18321016	332
2021-11-08	314961834	574766	1030539	18345203	334
2021-11-09	335004349	576430	1084173	18388485	340
2021-11-10	356252352	578105	1132699	18434313	352
2021-11-11	377256448	579828	1204211	18478868	366
2021-11-12	400718769	581593	1278277	18534880	384
2021-11-13	424534819	583351	1334465	18567978	384
2021-11-14	449461859	585193	1414916	18611260	399
2021-11-15	478203298	587214	1497921	18658361	410
2021-11-16	506781281	589273	1566879	18723284	432
2021-11-17	535678514	591327	1644776	18770385	437
2021-11-18	564851579	593387	1729058	18834035	456
2021-11-19	594723163	595542	1835049	18883682	472
2021-11-20	622464711	597630	1907838	18935875	480
2021-11-21	649452829	599789	1985735	18995706	501
2021-11-22	679269502	602145	2109604	19070813	524
2021-11-23	708037758	604534	2200271	19129371	537
2021-11-24	735945316	606906	2266675	19191748	553
2021-11-25	762185112	609312	2343295	19261763	577
2021-11-26	789159183	611766	2433962	19329232	573
2021-11-27	814893287	614077	2492704	19404339	595
2021-11-28	840767861	616443	2566770	19471808	605
2021-11-29	868994669	619004	2648498	19541823	626
2021-11-30	896497418	621553	2740442	19609292	644
2021-12-01	922476706	624051	2811954	19693310	646
2021-12-02	947781738	626502	2889851	19750595	640
2021-12-03	972854356	628906	2958809	19802788	636
2021-12-04	996833862	631170	3008612	19854981	623
2021-12-05	1019473795	633432	3066077	19918631	635
2021-12-06	1043093187	635835	3135035	19981008	651
2021-12-07	1066141760	638231	3187392	20048477	662
2021-12-08	1088456058	640629	3239749	20123584	668
2021-12-09	1108913598	642982	3284444	20194872	677
2021-12-10	1128492562	645327	3335524	20254703	678
2021-12-11	1146348853	647526	3366172	20283982	653
2021-12-12	1163201422	649725	3407036	20342540	665
2021-12-13	1182005247	652000	3446623	20403644	665
2021-12-14	1200780978	654200	3492595	20445653	650
2021-12-15	1218102206	656293	3523243	20495300	653
2021-12-16	1233963823	658296	3552614	20544947	651
2021-12-17	1250082117	660221	3578154	20603505	659
2021-12-18	1265841574	661985	3596032	20636603	638
2021-12-19	1280560276	663740	3613910	20676066	630
2021-12-20	1297066778	665616	3634342	20724440	630
2021-12-21	1313504322	667430	3656051	20765176	622
2021-12-22	1328883233	669155	3671375	20788090	598
2021-12-23	1344068040	670806	3689253	20818642	578
2021-12-24	1360353621	672415	3699469	20851740	565
2021-12-25	1374795214	673856	3708408	20887384	546
2021-12-26	1389622461	675286	3716070	20925574	547
2021-12-27	1408665085	676837	3737779	20973948	559
2021-12-28	1428427937	678391	3753103	21009592	545
2021-12-29	1448008178	679887	3768427	21033779	527
2021-12-30	1467834880	681327	3772258	21064331	509
2021-12-31	1490912824	682691	3782474	21084699	493
2022-01-01	1511297575	683940	3791413	21111432	481
2022-01-02	1535672951	685214	3797798	21141984	483
2022-01-03	1569684569	686598	3802906	21182720	496
2022-01-04	1606711184	687968	3810568	21201815	471
2022-01-05	1645473242	689287	3820784	21220910	461
2022-01-06	1682571369	690576	3831000	21248916	447
2022-01-07	1720774101	691892	3833554	21268011	429
2022-01-08	1757287362	693100	3843770	21294744	422
2022-01-09	1794197770	694329	3853986	21326569	417
2022-01-10	1833120730	695653	3869310	21358394	421
2022-01-11	1878493817	696919	3874418	21374943	403
2022-01-12	1922039517	698116	3879526	21388946	385
2022-01-13	1968418880	699281	3889742	21405495	369
2022-01-14	2014374279	700437	3898681	21422044	349
2022-01-15	2064344566	701532	3906343	21439866	331
2022-01-16	2113970063	702626	3912728	21452596	320
2022-01-17	2174704183	703812	3925498	21464053	325
2022-01-18	2247305465	704956	3934437	21472964	311
2022-01-19	2328272373	706125	3943376	21493332	307
2022-01-20	2408909814	707309	3956146	21508608	296
2022-01-21	2495793063	708516	3967639	21520065	288
2022-01-22	2579324187	709683	3970193	21526430	273
2022-01-23	2663136251	710900	3972747	21537887	265
2022-01-24	2755239876	712217	3981686	21553163	263
2022-01-25	2857904291	713531	3994456	21569712	260
2022-01-26	2962983513	714871	4000841	21581169	253
2022-01-27	3076626297	716225	4019996	21609175	250
2022-01-28	3188568117	717600	4040428	21621905	240
2022-01-29	3299045218	718944	4053198	21632089	221
2022-01-30	3406071865	720334	4063414	21646092	213
2022-01-31	3516241209	721880	4087677	21671552	224
2022-02-01	3632301354	723495	4104278	21690647	218
2022-02-02	3754881861	725130	4117048	21711015	220
2022-02-03	3878707443	726748	4142588	21739021	227
2022-02-04	3998362343	728403	4160466	21758116	227
2022-02-05	4105824447	729931	4180898	21772119	215
2022-02-06	4203935080	731518	4200053	21807763	225
2022-02-07	4304009739	733243	4226870	21830677	229
2022-02-08	4410607314	734977	4244748	21856137	227
2022-02-09	4519203394	736701	4256241	21871413	215
2022-02-10	4620530790	738410	4276673	21887962	210
2022-02-11	4711829905	740133	4291997	21905784	197
2022-02-12	4787043928	741763	4303490	21923606	183
2022-02-13	4859748646	743386	4313706	21938882	187
2022-02-14	4928670890	745185	4330307	21954158	191
2022-02-15	5006278011	747018	4343077	21974526	193
2022-02-16	5076228240	748832	4353293	21994894	186
2022-02-17	5138617353	750619	4367340	22015262	184
2022-02-18	5183409405	752426	4382664	22035630	183
2022-02-19	5224844224	754141	4392880	22058544	188
2022-02-20	5269139522	755854	4405650	22075093	177
2022-02-21	5311519321	757671	4419697	22098007	183
2022-02-22	5363225051	759485	4431190	22114556	184
2022-02-23	5411945155	761236	4443960	22129832	178
2022-02-24	5458283654	762927	4458007	22148927	179
2022-02-25	5501032506	764601	4464392	22168022	178
2022-02-26	5536470533	766159	4474608	22187117	179
2022-02-27	5574429358	767706	4482270	22199847	181
2022-02-28	5622747207	769401	4492486	22212577	179
2022-03-01	5687225492	771126	4506533	22235491	180
2022-03-02	5760149856	772896	4514195	22250767	174
2022-03-03	5846243918	774677	4528242	22264770	169
2022-03-04	5933231881	776464	4547397	22281319	166
2022-03-05	6019758847	778159	4557613	22296595	164
2022-03-06	6102978384	779947	4570383	22310598	165
2022-03-07	6192370939	781939	4589538	22329693	173
2022-03-08	6285275242	783982	4608693	22352607	178
2022-03-09	6378373649	786017	4625294	22372975	179
2022-03-10	6467855593	788103	4639341	22389524	169
2022-03-11	6546019487	790209	4658496	22416257	176
2022-03-12	6616382187	792223	4680205	22428987	169
2022-03-13	6676657863	794346	4698083	22441717	157
2022-03-14	6740504031	796650	4723623	22470997	169
2022-03-15	6813736149	798971	4744055	22502821	176
2022-03-16	6882033940	801333	4761933	22521916	168
2022-03-17	6945116462	803674	4779811	22544830	164
2022-03-18	6998309897	805958	4795135	22567744	160
2022-03-19	7044718631	808099	4813013	22584293	155
2022-03-20	7084323510	810281	4823229	22604661	154
2022-03-21	7135584843	812685	4846215	22635213	166
2022-03-22	7188332605	815063	4862816	22660673	166
2022-03-23	7236799863	817402	4879417	22687406	169
2022-03-24	7281319915	819679	4885802	22715412	166
2022-03-25	7316954600	821951	4897295	22729415	155
2022-03-26	7347292288	824041	4913896	22748510	147
2022-03-27	7373609982	826137	4926666	22765059	147
2022-03-28	7409812931	828421	4944544	22785427	152
2022-03-29	7443859029	830664	4954760	22809614	146
2022-03-30	7474835218	832870	4961145	22826163	146
2022-03-31	7501962528	834943	4971361	22845258	143
2022-04-01	7523021535	836953	4985408	22860534	136
2022-04-02	7538101628	838805	4996901	22866899	123
2022-04-03	7551531837	840658	5002009	22875810	115
2022-04-04	7569345987	842638	5014779	22885994	111
2022-04-05	7585367229	844557	5024995	22903816	114
2022-04-06	7601482969	846392	5033934	22921638	115
2022-04-07	7614568388	848176	5041596	22942006	121
2022-04-08	7626586235	849909	5046704	22950917	113
2022-04-09	7635218755	851495	5053089	22961101	99
2022-04-10	7642818182	853083	5060751	22971285	98
2022-04-11	7650498060	854717	5068413	22981469	101
2022-04-12	7656746421	856272	5073521	23001837	107
2022-04-13	7662482705	857755	5078629	23014567	109
2022-04-14	7667523025	859201	5083737	23028570	110
2022-04-15	7671873764	860552	5092676	23037481	108
2022-04-16	7675215672	861802	5100338	23041300	93
2022-04-17	7677925466	863033	5101615	23051484	94
2022-04-18	7681121798	864282	5108000	23059122	96
2022-04-19	7685365269	865574	5116939	23075671	101
2022-04-20	7688578201	866826	5119493	23080763	94
2022-04-21	7691567657	868018	5119493	23092220	88
2022-04-22	7694002896	869158	5122047	23099858	84
2022-04-23	7695850715	870215	5123324	23104950	81
2022-04-24	7697605313	871285	5127155	23113861	80
2022-04-25	7699808138	872399	5128432	23121499	81
2022-04-26	7701998193	873478	5132263	23125318	75
2022-04-27	7703491006	874465	5133540	23136775	74
2022-04-28	7705407784	875465	5137371	23141867	71
2022-04-29	7707560805	876415	5139925	23143140	65
2022-04-30	7709312849	877277	5143756	23150778	66
2022-05-01	7710978057	878150	5145033	23158416	66
2022-05-02	7713254948	879066	5150141	23162235	66
2022-05-03	7715452665	879964	5151418	23166054	63
2022-05-04	7717360503	880822	5156526	23176238	55
2022-05-05	7719113824	881628	5160357	23177511	50
2022-05-06	7720978244	882429	5164188	23181330	47
2022-05-07	7722551508	883176	5166742	23185149	48
2022-05-08	7723953654	883937	5169296	23188968	49
2022-05-09	7725902356	884722	5171850	23192787	48
2022-05-10	7727626306	885504	5173127	23200425	47
2022-05-11	7729254481	886242	5173127	23204244	46
2022-05-12	7730784327	886965	5174404	23205517	46
2022-05-13	7732226060	887658	5176958	23208063	41
2022-05-14	7733330665	888307	5182066	23210609	36
2022-05-15	7734494012	888963	5182066	23213155	34
2022-05-16	7736203915	889669	5185897	23220793	40
2022-05-17	7737768240	890366	5187174	23223339	36
2022-05-18	7739383645	891050	5188451	23228431	36
2022-05-19	7740607011	891716	5191005	23230977	32
2022-05-20	7741919767	892352	5191005	23232250	29
2022-05-21	7742983508	892950	5191005	23233523	28
2022-05-22	7744042141	893547	5191005	23237342	30
2022-05-23	7745450672	894182	5192282	23242434	33
2022-05-24	7746674038	894803	5196113	23246253	32
2022-05-25	7747989348	895399	5198667	23247526	28
2022-05-26	7749132263	895971	5198667	23250072	27
2022-05-27	7750447573	896557	5198667	23253891	28
2022-05-28	7751710526	897107	5199944	23253891	27
2022-05-29	7752981141	897657	5199944	23255164	27
2022-05-30	7754733185	898247	5199944	23256437	28
2022-05-31	7756445642	898836	5199944	23260256	29
2022-06-01	7758352203	899417	5199944	23266621	32
2022-06-02	7760162989	900008	5199944	23267894	28
2022-06-03	7762123184	900613	5202498	23269167	26
2022-06-04	7763873951	901200	5203775	23274259	26
2022-06-05	7765468924	901797	5203775	23278078	26
2022-06-06	7767356330	902420	5206329	23281897	26
2022-06-07	7769891175	903085	5206329	23283170	26
2022-06-08	7772805289	903744	5208883	23286989	25
2022-06-09	7775594257	904414	5211437	23295900	31
2022-06-10	7778762494	905116	5216545	23304811	36
2022-06-11	7781298616	905808	5219099	23307357	34
2022-06-12	7783853893	906512	5221653	23307357	31
2022-06-13	7787858565	907267	5222930	23313722	35
2022-06-14	7792215689	908032	5224207	23320087	40
2022-06-15	7797328797	908812	5228038	23325179	39
2022-06-16	7802152026	909598	5233146	23332817	39
2022-06-17	7807142542	910412	5236977	23337909	33
2022-06-18	7811692493	911203	5240808	23341728	32
2022-06-19	7815536263	912047	5243362	23344274	31
2022-06-20	7821885507	912950	5245916	23349366	32
2022-06-21	7828006168	913864	5252301	23359550	35
2022-06-22	7834704033	914781	5254855	23365915	37
2022-06-23	7841151606	915712	5257409	23374826	40
2022-06-24	7847711555	916686	5267625	23379918	39
2022-06-25	7853346956	917654	5270179	23387556	41
2022-06-26	7858236589	918666	5275287	23392648	44
2022-06-27	7865639358	919785	5279118	23399013	47
2022-06-28	7873278372	920902	5282949	23402832	46
2022-06-29	7881569933	922010	5288057	23409197	48
2022-06-30	7889268966	923146	5290611	23420654	49
2022-07-01	7896453368	924300	5298273	23424473	46
2022-07-02	7902370986	925420	5300827	23430838	43
2022-07-03	7907514742	926600	5302104	23433384	38
2022-07-04	7915934003	927865	5311043	23446114	44
2022-07-05	7924219179	929149	5313597	23453752	44
2022-07-06	7933301203	930417	5322536	23463936	47
2022-07-07	7941774098	931693	5331475	23470301	44
2022-07-08	7949814090	932964	5332752	23480485	42
2022-07-09	7956601345	934200	5335306	23490669	44
2022-07-10	7962206098	935498	5340414	23499580	49
2022-07-11	7971680161	936919	5349353	23509764	55
2022-07-12	7980257770	938352	5354461	23525040	62
2022-07-13	7988738327	939766	5362123	23531405	58
2022-07-14	7996916235	941202	5371062	23537770	57
2022-07-15	8004160656	942609	5378724	23540316	53
2022-07-16	8009658141	943960	5387663	23546681	52
2022-07-17	8013966739	945333	5390217	23558138	60
2022-07-18	8020271288	946809	5396602	23565775	61
2022-07-19	8026003741	948289	5402987	23572140	52
2022-07-20	8031447592	949786	5406818	23579779	48
2022-07-21	8037158336	951278	5411926	23587417	45
2022-07-22	8042212702	952747	5420865	23598874	49
2022-07-23	8046435741	954130	5429804	23601420	46
2022-07-24	8050019003	955512	5436189	23616696	53
2022-07-25	8055762949	957030	5438743	23621788	53
2022-07-26	8060749634	958495	5443851	23625607	54
2022-07-27	8065099096	959910	5448959	23635791	55
2022-07-28	8068887955	961260	5455344	23639610	48
2022-07-29	8072652550	962574	5461729	23649794	50
2022-07-30	8075864205	963807	5465560	23658705	51
2022-07-31	8078750225	965048	5471945	23666343	52
2022-08-01	8082826409	966355	5480884	23675254	54
2022-08-02	8086201520	967621	5485992	23679073	52
2022-08-03	8089087540	968856	5492377	23685438	48
2022-08-04	8091928865	970064	5494931	23693076	46
2022-08-05	8094482865	971203	5496208	23699441	48
2022-08-06	8096787850	972280	5497485	23705806	50
2022-08-07	8098527124	973356	5502593	23710898	49
2022-08-08	8101221594	974479	5505147	23713444	50
2022-08-09	8103711744	975551	5507701	23721082	48
2022-08-10	8105938832	976586	5512809	23727447	46
2022-08-11	8108208061	977594	5515363	23732539	46
2022-08-12	8110205289	978588	5517917	23742723	45
2022-08-13	8112078648	979531	5524302	23750361	42
2022-08-14	8113566353	980486	5525579	23752907	41
2022-08-15	8115776840	981501	5533241	23763091	46
2022-08-16	8117535269	982487	5534518	23765637	44
2022-08-17	8119127688	983464	5540903	23772002	44
2022-08-18	8120734154	984426	5544734	23778367	45
2022-08-19	8122325296	985338	5548565	23783459	44
2022-08-20	8123809170	986200	5549842	23787278	40
2022-08-21	8124950808	987077	5551119	23793643	39
2022-08-22	8126557274	987984	5556227	23800008	42
2022-08-23	8128046256	988873	5557504	23803827	37
2022-08-24	8129254298	989734	5557504	23806373	34
2022-08-25	8130508312	990572	5558781	23811465	38
2022-08-26	8131937275	991406	5558781	23812738	33
2022-08-27	8133109561	992186	5558781	23819103	34
2022-08-28	8133983029	992969	5561335	23822922	34
2022-08-29	8135105512	993782	5565166	23830560	37
2022-08-30	8136171807	994585	5566443	23834379	34
2022-08-31	8137626310	995367	5567720	23838198	32
2022-09-01	8139117846	996145	5568997	23842017	31
2022-09-02	8140602997	996918	5572828	23843290	30
2022-09-03	8141859565	997668	5576659	23849655	31
2022-09-04	8142999926	998444	5580490	23852201	31
2022-09-05	8144852852	999258	5581767	23856020	29
2022-09-06	8146705778	1000048	5583044	23859839	26
2022-09-07	8148360770	1000843	5586875	23864931	28
2022-09-08	8149807611	1001622	5589429	23868750	27
2022-09-09	8151360443	1002410	5590706	23870023	27
2022-09-10	8152558269	1003198	5590706	23875115	26
2022-09-11	8153554329	1004000	5594537	23881480	31
2022-09-12	8155439181	1004851	5599645	23884026	30
2022-09-13	8157293384	1005706	5602199	23887845	32
2022-09-14	8159142480	1006530	5603476	23895483	35
2022-09-15	8160897078	1007344	5608584	23896756	31
2022-09-16	8162462680	1008142	5609861	23900575	31
2022-09-17	8163717971	1008948	5612415	23905667	29
2022-09-18	8164803421	1009755	5614969	23912032	32
2022-09-19	8166891316	1010610	5617523	23919670	37
2022-09-20	8169200132	1011490	5621354	23920943	34
2022-09-21	8171452760	1012372	5625185	23928581	32
2022-09-22	8173803717	1013278	5626462	23933673	34
2022-09-23	8176044852	1014229	5630293	23937492	34
2022-09-24	8178054848	1015159	5632847	23941311	34
2022-09-25	8179817108	1016151	5636678	23954041	41
2022-09-26	8183105383	1017234	5643063	23964225	45
2022-09-27	8186368118	1018363	5646894	23973136	49
2022-09-28	8190125051	1019534	5657110	23978228	44
2022-09-29	8194085027	1020734	5666049	23989685	45
2022-09-30	8197670843	1021968	5677542	23992231	43
2022-10-01	8200587510	1023198	5685204	23999869	42
2022-10-02	8203154280	1024470	5691589	24015145	52
2022-10-03	8208056683	1025854	5700528	24021510	53
2022-10-04	8212678146	1027261	5714575	24027875	49
2022-10-05	8218056869	1028678	5724791	24041878	52
2022-10-06	8222855835	1030099	5727345	24050789	53
2022-10-07	8227603720	1031559	5740115	24064792	59
2022-10-08	8230989048	1032997	5745223	24069884	52
2022-10-09	8233803556	1034475	5752885	24074976	53
2022-10-10	8238754485	1036062	5757993	24086433	56
2022-10-11	8243396380	1037648	5765655	24099163	57
2022-10-12	8248068923	1039219	5772040	24108074	54
2022-10-13	8252560132	1040784	5783533	24113166	48
2022-10-14	8256803603	1042319	5788641	24124623	47
2022-10-15	8260016535	1043798	5801411	24134807	50
2022-10-16	8262723775	1045303	5812904	24147537	57
2022-10-17	8267337576	1046929	5816735	24161540	63
2022-10-18	8271432915	1048542	5821843	24175543	63
2022-10-19	8274610091	1050113	5828228	24185727	62
2022-10-20	8278457692	1051662	5834613	24194638	62
2022-10-21	8281702549	1053178	5839721	24202276	55
2022-10-22	8284006257	1054625	5842275	24207368	51
2022-10-23	8286031579	1056093	5847383	24218825	55
2022-10-24	8289203647	1057639	5849937	24231555	62
2022-10-25	8291976014	1059125	5858876	24244285	59
2022-10-26	8294514690	1060543	5863984	24255742	59
2022-10-27	8296873309	1061930	5867815	24262107	55
2022-10-28	8298916509	1063272	5870369	24269745	49
2022-10-29	8300525529	1064533	5872923	24277383	46
2022-10-30	8301995356	1065815	5875477	24291386	51
2022-10-31	8304337374	1067168	5880585	24302843	58
2022-11-01	8306217118	1068486	5884416	24306662	52
2022-11-02	8307766119	1069779	5890801	24311754	48
2022-11-03	8309243608	1071033	5895909	24319392	45
2022-11-04	8310602336	1072239	5895909	24324484	45
2022-11-05	8311547316	1073357	5895909	24333395	43
2022-11-06	8312422061	1074492	5898463	24338487	40
2022-11-07	8313895719	1075668	5901017	24341033	37
2022-11-08	8315315743	1076803	5908679	24349944	44
2022-11-09	8316546771	1077893	5911233	24352490	40
2022-11-10	8317702456	1078957	5911233	24358855	44
2022-11-11	8318734272	1079986	5917618	24363947	45
2022-11-12	8319531120	1080965	5918895	24367766	42
2022-11-13	8320190052	1081944	5921449	24371585	40
2022-11-14	8321433850	1082961	5921449	24372858	42
2022-11-15	8322560164	1083968	5925280	24376677	39
2022-11-16	8323740112	1084980	5930388	24380496	36
2022-11-17	8324834501	1085994	5932942	24384315	32
2022-11-18	8325838223	1086994	5932942	24386861	33
2022-11-19	8326531634	1087946	5935496	24390680	33
2022-11-20	8327199505	1088891	5936773	24395772	37
2022-11-21	8328310495	1089888	5939327	24403410	43
2022-11-22	8329334649	1090883	5939327	24409775	42
2022-11-23	8330363911	1091871	5941881	24413594	38
2022-11-24	8331388065	1092843	5943158	24421232	38
2022-11-25	8332390510	1093806	5946989	24433962	43
2022-11-26	8333073705	1094730	5946989	24439054	40
2022-11-27	8333788825	1095676	5948266	24439054	34
2022-11-28	8334980266	1096672	5952097	24444146	34
2022-11-29	8336125735	1097683	5955928	24451784	37
2022-11-30	8337238002	1098703	5959759	24458149	38
2022-12-01	8338401349	1099727	5962313	24463241	39
2022-12-02	8339392301	1100743	5962313	24468333	37
2022-12-03	8340118914	1101725	5964867	24470879	37
2022-12-04	8340814879	1102725	5964867	24477244	37
2022-12-05	8342047184	1103784	5972529	24487428	44
2022-12-06	8343252672	1104864	5973806	24495066	48
2022-12-07	8344488808	1105937	5975083	24500158	42
2022-12-08	8345728775	1107041	5975083	24505250	40
2022-12-09	8346732497	1108170	5977637	24512888	41
2022-12-10	8347468049	1109274	5982745	24515434	38
2022-12-11	8348169122	1110401	5985299	24517980	38
2022-12-12	8349517634	1111585	5989130	24528164	43
2022-12-13	8350751216	1112780	5992961	24537075	40
2022-12-14	8352040986	1113988	5994238	24547259	41
2022-12-15	8353199225	1115215	5999346	24551078	36
2022-12-16	8354223379	1116454	6003177	24561262	37
2022-12-17	8355110894	1117656	6008285	24563808	36
2022-12-18	8355953714	1118890	6009562	24576538	44
2022-12-19	8357175803	1120213	6012116	24582903	48
2022-12-20	8358949556	1121558	6014670	24593087	45
2022-12-21	8360428322	1122918	6021055	24613455	54
2022-12-22	8362015633	1124276	6023609	24622366	56
2022-12-23	8363449704	1125666	6024886	24630004	56
2022-12-24	8364499398	1126997	6026163	24641461	52
2022-12-25	8365203025	1128327	6031271	24650372	53
2022-12-26	8366066277	1129721	6031271	24661829	57
2022-12-27	8367393080	1131211	6033825	24674559	61
2022-12-28	8368648371	1132714	6033825	24693654	68
2022-12-29	8369820657	1134194	6033825	24700019	66
2022-12-30	8370994220	1135658	6033825	24712749	63
2022-12-31	8371770636	1137046	6033825	24720387	60
2023-01-01	8372314638	1138186	6033825	24730571	54
2023-01-02	8373513741	1139415	6033825	24740755	58
2023-01-03	8374536618	1140647	6033825	24748393	58
2023-01-04	8375438180	1141834	6033825	24759850	58
2023-01-05	8376318033	1142989	6033825	24776399	62
2023-01-06	8377029322	1144083	6033825	24792948	67
2023-01-07	8377506920	1145102	6033825	24795494	53
2023-01-08	8377919391	1146153	6033825	24805678	57
2023-01-09	8378681760	1147268	6033825	24810770	54
2023-01-10	8379246194	1148345	6033825	24817135	48
2023-01-11	8379755717	1149354	6033825	24822227	48
2023-01-12	8380217991	1150337	6033825	24829865	45
2023-01-13	8380463175	1151259	6033825	24838776	48
2023-01-14	8380799026	1152115	6033825	24843868	47
2023-01-15	8381027609	1152974	6033825	24845141	41
2023-01-16	8381479667	1153879	6033825	24851506	43
2023-01-17	8381848719	1154752	6033825	24860417	45
2023-01-18	8382211387	1155599	6033825	24864236	40
2023-01-19	8382611088	1156422	6033825	24866782	37
2023-01-20	8382875427	1157208	6033825	24871874	34
2023-01-21	8383081024	1157940	6033825	24871874	29
2023-01-22	8383267466	1158684	6033825	24873147	26
2023-01-23	8383662059	1159469	6033825	24882058	32
2023-01-24	8384013234	1160203	6033825	24885877	31
2023-01-25	8384397611	1160894	6033825	24889696	24
2023-01-26	8384761556	1161587	6033825	24892242	19
2023-01-27	8385171473	1162271	6033825	24896061	19
2023-01-28	8385416657	1162901	6033825	24898607	20
2023-01-29	8385682273	1163543	6033825	24903699	20
2023-01-30	8386235214	1164242	6033825	24907518	22
2023-01-31	8386733243	1164927	6033825	24913883	21
2023-02-01	8387187855	1165621	6033825	24915156	21
2023-02-02	8387646298	1166304	6033825	24921521	20
2023-02-03	8388163483	1166978	6033825	24926613	20
2023-02-04	8388490395	1167634	6033825	24929159	19
2023-02-05	8388816028	1168313	6033825	24931705	18
2023-02-06	8389481344	1169045	6033825	24939343	21
2023-02-07	8390031731	1169773	6033825	24944435	19
2023-02-08	8390594888	1170492	6033825	24953346	25
2023-02-09	8391121011	1171233	6033825	24958438	27
2023-02-10	8391681613	1171984	6033825	24960984	22
2023-02-11	8392044281	1172723	6033825	24963530	20
2023-02-12	8392455475	1173485	6033825	24963530	18
2023-02-13	8393265089	1174320	6033825	24967349	16
2023-02-14	8393990418	1175150	6033825	24969895	18
2023-02-15	8394811529	1175981	6033825	24981352	24
2023-02-16	8395619870	1176824	6033825	24986444	27
2023-02-17	8396334989	1177686	6033825	24987717	25
2023-02-18	8396886653	1178533	6033825	24990263	24
2023-02-19	8397498336	1179418	6033825	25001720	29
2023-02-20	8398379463	1180403	6033825	25010631	36
2023-02-21	8399281024	1181386	6033825	25020815	38
2023-02-22	8400331995	1182390	6033825	25032272	37
2023-02-23	8401440430	1183418	6033825	25037364	36
2023-02-24	8402380300	1184463	6033825	25043729	31
2023-02-25	8402965166	1185505	6033825	25051367	34
2023-02-26	8403407006	1186593	6033825	25061551	35
2023-02-27	8404514163	1187805	6033825	25080646	46
2023-02-28	8405341655	1189056	6033825	25095922	56
2023-03-01	8406065714	1190302	6033825	25115017	55
2023-03-02	8406816589	1191565	6033825	25125201	55
2023-03-03	8407654297	1192847	6033825	25137931	57
2023-03-04	8408149773	1194103	6033825	25140477	50
2023-03-05	8408709095	1195380	6033825	25151934	52
2023-03-06	8409697490	1196804	6033825	25165937	59
2023-03-07	8410593941	1198219	6033825	25186304	69
2023-03-08	8411352476	1199624	6033825	25190123	57
2023-03-09	8412176138	1200989	6033825	25197760	54
2023-03-10	8412888692	1202354	6033825	25215582	57
2023-03-11	8413236027	1203637	6033825	25225767	58
2023-03-12	8413638269	1204961	6033825	25238497	59
2023-03-13	8414341848	1206401	6033825	25249954	62
2023-03-14	8415020208	1207813	6033825	25257593	62
2023-03-15	8415519444	1209217	6033825	25262683	57
2023-03-16	8416023686	1210589	6033825	25276684	63
2023-03-17	8416609385	1211935	6033825	25279229	54
2023-03-18	8416885001	1213219	6033825	25264464	47
2023-03-19	8417226969	1214539	6033825	25273368	47
2023-03-20	8417696537	1215944	6033825	25289904	56
2023-03-21	8418075505	1217294	6033825	25305168	62
2023-03-22	8418455753	1218617	6033825	25307712	56
2023-03-23	8418774753	1219896	6033825	25317888	55
2023-03-24	8419124373	1221123	6033825	25321704	50
2023-03-25	8419351493	1222277	6033825	25326792	45
2023-03-26	8419570957	1223450	6033825	25330608	41
2023-03-27	8419911621	1224688	6033825	25333152	48
2023-03-28	8420226761	1225866	6033825	25333152	58
2023-03-29	8420462745	1227004	6033825	0	53
2023-03-30	8420720105	1228106	6033825	0	50
2023-03-31	8420989821	1229189	6033825	0	49
2023-04-01	8421146277	1230192	6033825	0	47
2023-04-02	8421305277	1231204	6033825	0	48
2023-04-03	8421461733	1232262	6033825	0	51
2023-04-04	8421466821	1233272	6033825	0	42
2023-04-05	8421466821	1234258	6033825	0	36
2023-04-06	8421466821	1235218	6033825	0	40
2023-04-07	8421466821	1236168	6033825	0	38
2023-04-08	8421466821	1237051	6033825	0	38
2023-04-09	8421466821	1237923	6033825	0	37
2023-04-10	8421466821	1238805	6033825	0	38
2023-04-11	8421466821	1239742	6033825	0	36
2023-04-12	8421466821	1240658	6033825	0	36
2023-04-13	8421466821	1241530	6033825	0	35
2023-04-14	8421466821	1242348	6033825	0	34
2023-04-15	8421466821	1243108	6033825	0	32
2023-04-16	8421466821	1243862	6033825	0	32
2023-04-17	8421466821	1244656	6033825	0	33
2023-04-18	8421466821	1245439	6033825	0	33
2023-04-19	8421466821	1246195	6033825	0	27
2023-04-20	8421466821	1246949	6033825	0	27
2023-04-21	8421466821	1247670	6033825	0	26
2023-04-22	8421466821	1248364	6033825	0	25
2023-04-23	8421466821	1249059	6033825	0	30
2023-04-24	8421466821	1249788	6033825	0	30
2023-04-25	8421466821	1250501	6033825	0	30
2023-04-26	8421466821	1251181	6033825	0	29
2023-04-27	8421466821	1251806	6033825	0	28
2023-04-28	8421466821	1252449	6033825	0	29
2023-04-29	8421466821	1253059	6033825	0	29
2023-04-30	8421466821	1253682	6033825	0	28
2023-05-01	8421466821	1254335	6033825	0	30
2023-05-02	8421466821	1254957	6033825	0	29
2023-05-03	8421466821	1255565	6033825	0	27
2023-05-04	8421466821	1256138	6033825	0	30
2023-05-05	8421466821	1256693	6033825	0	31
2023-05-06	8421466821	1257240	6033825	0	31
2023-05-07	8421466821	1257792	6033825	0	28
2023-05-08	8421466821	1258359	6033825	0	28
2023-05-09	8421466821	1258905	6033825	0	26
2023-05-10	8421466821	1259433	6033825	0	22
2023-05-11	8421466821	1259929	6033825	0	21
2023-05-12	8421466821	1260403	6033825	0	21
2023-05-13	8421466821	1260835	6033825	0	24
2023-05-14	8421466821	1261270	6033825	0	25
2023-05-15	8421466821	1261726	6033825	0	25
2023-05-16	8421466821	1262186	6033825	0	23
2023-05-17	8421466821	1262626	6033825	0	22
2023-05-18	8421466821	1263044	6033825	0	20
2023-05-19	8421466821	1263467	6033825	0	19
2023-05-20	8421466821	1263862	6033825	0	19
2023-05-21	8421466821	1264252	6033825	0	17
2023-05-22	8421466821	1264664	6033825	0	16
2023-05-23	8421466821	1265058	6033825	0	15
2023-05-24	8421466821	1265453	6033825	0	16
2023-05-25	8421466821	1265841	6033825	0	15
2023-05-26	8421466821	1266211	6033825	0	14
2023-05-27	8421466821	1266569	6033825	0	13
2023-05-28	8421466821	1266929	6033825	0	12
2023-05-29	8421466821	1267303	6033825	0	14
2023-05-30	8421466821	1267688	6033825	0	15
2023-05-31	8421466821	1268071	6033825	0	15
2023-06-01	8421466821	1268445	6033825	0	13
2023-06-02	8421466821	1268819	6033825	0	13
2023-06-03	8421466821	1269180	6033825	0	12
2023-06-04	8421466821	1269549	6033825	0	13
2023-06-05	8421466821	1269937	6033825	0	15
2023-06-06	8421466821	1270312	6033825	0	13
2023-06-07	8421466821	1270663	6033825	0	15
2023-06-08	8421466821	1271007	6033825	0	15
2023-06-09	8421466821	1271351	6033825	0	15
2023-06-10	8421466821	1271685	6033825	0	13
2023-06-11	8421466821	1272010	6033825	0	11
2023-06-12	8421466821	1272342	6033825	0	12
2023-06-13	8421466821	1272668	6033825	0	12
2023-06-14	8421466821	1272992	6033825	0	13
2023-06-15	8421466821	1273308	6033825	0	11
2023-06-16	8421466821	1273626	6033825	0	10
2023-06-17	8421466821	1273938	6033825	0	12
2023-06-18	8421466821	1274254	6033825	0	13
2023-06-19	8421466821	1274567	6033825	0	15
2023-06-20	8421466821	1274884	6033825	0	13
2023-06-21	8421466821	1275198	6033825	0	11
2023-06-22	8421466821	1275505	6033825	0	11
2023-06-23	8421466821	1275808	6033825	0	10
2023-06-24	8421466821	1276102	6033825	0	10
2023-06-25	8421466821	1276397	6033825	0	10
2023-06-26	8421466821	1276693	6033825	0	10
2023-06-27	8421466821	1276988	6033825	0	9
2023-06-28	8421466821	1277284	6033825	0	10
2023-06-29	8421466821	1277581	6033825	0	10
2023-06-30	8421466821	1277880	6033825	0	7
2023-07-01	8421466821	1278172	6033825	0	7
2023-07-02	8421466821	1278460	6033825	0	7
2023-07-03	8421466821	1278755	6033825	0	7
2023-07-04	8421466821	1279050	6033825	0	5
2023-07-05	8421466821	1279340	6033825	0	5
2023-07-06	8421466821	1279633	6033825	0	6
2023-07-07	8421466821	1279922	6033825	0	6
2023-07-08	8421466821	1280209	6033825	0	6
2023-07-09	8421466821	1280502	6033825	0	5
2023-07-10	8421466821	1280796	6033825	0	5
2023-07-11	8421466821	1281089	6033825	0	5
2023-07-12	8421466821	1281390	6033825	0	5
2023-07-13	8421466821	1281689	6033825	0	5
2023-07-14	8421466821	1281983	6033825	0	5
2023-07-15	8421466821	1282269	6033825	0	7
2023-07-16	8421466821	1282559	6033825	0	8
2023-07-17	8421466821	1282851	6033825	0	9
2023-07-18	8421466821	1283144	6033825	0	8
2023-07-19	8421466821	1283441	6033825	0	8
2023-07-20	8421466821	1283733	6033825	0	6
2023-07-21	8421466821	1284020	6033825	0	6
2023-07-22	8421466821	1284303	6033825	0	6
2023-07-23	8421466821	1284588	6033825	0	5
2023-07-24	8421466821	1284875	6033825	0	4
2023-07-25	8421466821	1285164	6033825	0	3
2023-07-26	8421466821	1285451	6033825	0	3
2023-07-27	8421466821	1285742	6033825	0	3
2023-07-28	8421466821	1286034	6033825	0	4
2023-07-29	8421466821	1286322	6033825	0	5
2023-07-30	8421466821	1286615	6033825	0	6
2023-07-31	8421466821	1286919	6033825	0	5
2023-08-01	8421466821	1287229	6033825	0	4
2023-08-02	8421466821	1287538	6033825	0	5
2023-08-03	8421466821	1287846	6033825	0	4
2023-08-04	8421466821	1288152	6033825	0	4
2023-08-05	8421466821	1288455	6033825	0	3
2023-08-06	8421466821	1288767	6033825	0	4
2023-08-07	8421466821	1289083	6033825	0	4
2023-08-08	8421466821	1289406	6033825	0	5
2023-08-09	8421466821	1289723	6033825	0	4
2023-08-10	8421466821	1290036	6033825	0	4
2023-08-11	8421466821	1290346	6033825	0	4
2023-08-12	8421466821	1290650	6033825	0	4
2023-08-13	8421466821	1290960	6033825	0	3
2023-08-14	8421466821	1291280	6033825	0	3
2023-08-15	8421466821	1291606	6033825	0	5
2023-08-16	8421466821	1291924	6033825	0	7
2023-08-17	8421466821	1292243	6033825	0	7
2023-08-18	8421466821	1292555	6033825	0	5
2023-08-19	8421466821	1292862	6033825	0	6
2023-08-20	8421466821	1293179	6033825	0	6
2023-08-21	8421466821	1293515	6033825	0	6
2023-08-22	8421466821	1293846	6033825	0	6
2023-08-23	8421466821	1294184	6033825	0	7
2023-08-24	8421466821	1294522	6033825	0	7
2023-08-25	8421466821	1294859	6033825	0	7
2023-08-26	8421466821	1295191	6033825	0	8
2023-08-27	8421466821	1295527	6033825	0	10
2023-08-28	8421466821	1295878	6033825	0	14
2023-08-29	8421466821	1296217	6033825	0	14
2023-08-30	8421466821	1296557	6033825	0	10
2023-08-31	8421466821	1296907	6033825	0	11
2023-09-01	8421466821	1297263	6033825	0	8
2023-09-02	8421466821	1297624	6033825	0	7
2023-09-03	8421466821	1297990	6033825	0	8
2023-09-04	8421466821	1298379	6033825	0	8
2023-09-05	8421466821	1298791	6033825	0	9
2023-09-06	8421466821	1299217	6033825	0	9
2023-09-07	8421466821	1299644	6033825	0	9
2023-09-08	8421466821	1300069	6033825	0	9
2023-09-09	8421466821	1300478	6033825	0	9
2023-09-10	8421466821	1300902	6033825	0	9
2023-09-11	8421466821	1301353	6033825	0	14
2023-09-12	8421466821	1301803	6033825	0	16
2023-09-13	8421466821	1302256	6033825	0	18
2023-09-14	8421466821	1302721	6033825	0	17
2023-09-15	8421466821	1303188	6033825	0	15
2023-09-16	8421466821	1303630	6033825	0	13
2023-09-17	8421466821	1304080	6033825	0	13
2023-09-18	8421466821	1304550	6033825	0	15
2023-09-19	8421466821	1305018	6033825	0	17
2023-09-20	8421466821	1305483	6033825	0	16
2023-09-21	8421466821	1305956	6033825	0	18
2023-09-22	8421466821	1306431	6033825	0	15
2023-09-23	8421466821	1306891	6033825	0	13
2023-09-24	8421466821	1307349	6033825	0	13
2023-09-25	8421466821	1307822	6033825	0	13
2023-09-26	8421466821	1308283	6033825	0	15
2023-09-27	8421466821	1308749	6033825	0	14
2023-09-28	8421466821	1309224	6033825	0	16
2023-09-29	8421466821	1309697	6033825	0	14
2023-09-30	8421466821	1310171	6033825	0	14
2023-10-01	8421466821	1310651	6033825	0	14
2023-10-02	8421466821	1311169	6033825	0	20
2023-10-03	8421466821	1311680	6033825	0	20
2023-10-04	8421466821	1312195	6033825	0	18
2023-10-05	8421466821	1312717	6033825	0	18
2023-10-06	8421466821	1313241	6033825	0	18
2023-10-07	8421466821	1313770	6033825	0	12
2023-10-08	8421466821	1314315	6033825	0	16
2023-10-09	8421466821	1314889	6033825	0	15
2023-10-10	8421466821	1315458	6033825	0	16
2023-10-11	8421466821	1316002	6033825	0	18
2023-10-12	8421466821	1316547	6033825	0	16
2023-10-13	8421466821	1317091	6033825	0	14
2023-10-14	8421466821	1317626	6033825	0	14
2023-10-15	8421466821	1318185	6033825	0	17
2023-10-16	8421466821	1318776	6033825	0	19
2023-10-17	8421466821	1319353	6033825	0	21
2023-10-18	8421466821	1319945	6033825	0	20
2023-10-19	8421466821	1320560	6033825	0	17
2023-10-20	8421466821	1321186	6033825	0	19
2023-10-21	8421466821	1321804	6033825	0	18
2023-10-22	8421466821	1322453	6033825	0	17
2023-10-23	8421466821	1323145	6033825	0	21
2023-10-24	8421466821	1323839	6033825	0	23
2023-10-25	8421466821	1324540	6033825	0	21
2023-10-26	8421466821	1325248	6033825	0	23
2023-10-27	8421466821	1325973	6033825	0	24
2023-10-28	8421466821	1326682	6033825	0	24
2023-10-29	8421466821	1327412	6033825	0	26
2023-10-30	8421466821	1328211	6033825	0	32
2023-10-31	8421466821	1329000	6033825	0	35
2023-11-01	8421466821	1329798	6033825	0	32
2023-11-02	8421466821	1330596	6033825	0	33
2023-11-03	8421466821	1331397	6033825	0	42
2023-11-04	8421466821	1332187	6033825	0	37
2023-11-05	8421466821	1332995	6033825	0	31
2023-11-06	8421466821	1333835	6033825	0	36
2023-11-07	8421466821	1334659	6033825	0	38
2023-11-08	8421466821	1335475	6033825	0	38
2023-11-09	8421466821	1336263	6033825	0	39
2023-11-10	8421466821	1337067	6033825	0	38
2023-11-11	8421466821	1337848	6033825	0	37
2023-11-12	8421466821	1338638	6033825	0	34
2023-11-13	8421466821	1339484	6033825	0	35
2023-11-14	8421466821	1340334	6033825	0	30
2023-11-15	8421466821	1341140	6033825	0	27
2023-11-16	8421466821	1341949	6033825	0	25
2023-11-17	8421466821	1342750	6033825	0	22
2023-11-18	8421466821	1343528	6033825	0	19
2023-11-19	8421466821	1344347	6033825	0	22
2023-11-20	8421466821	1345241	6033825	0	25
2023-11-21	8421466821	1346139	6033825	0	25
2023-11-22	8421466821	1347031	6033825	0	27
2023-11-23	8421466821	1347937	6033825	0	27
2023-11-24	8421466821	1348820	6033825	0	26
2023-11-25	8421466821	1349664	6033825	0	29
2023-11-26	8421466821	1350525	6033825	0	31
2023-11-27	8421466821	1351456	6033825	0	33
2023-11-28	8421466821	1352386	6033825	0	39
2023-11-29	8421466821	1353292	6033825	0	40
2023-11-30	8421466821	1354213	6033825	0	36
2023-12-01	8421466821	1355145	6033825	0	35
2023-12-02	8421466821	1356051	6033825	0	38
2023-12-03	8421466821	1356972	6033825	0	40
2023-12-04	8421466821	1357976	6033825	0	39
2023-12-05	8421466821	1359009	6033825	0	41
2023-12-06	8421466821	1360051	6033825	0	44
2023-12-07	8421466821	1361106	6033825	0	50
2023-12-08	8421466821	1362181	6033825	0	54
2023-12-09	8421466821	1363215	6033825	0	53
2023-12-10	8421466821	1364307	6033825	0	56
2023-12-11	8421466821	1365500	6033825	0	57
2023-12-12	8421466821	1366686	6033825	0	60
2023-12-13	8421466821	1367869	6033825	0	62
2023-12-14	8421466821	1369036	6033825	0	59
2023-12-15	8421466821	1370192	6033825	0	63
2023-12-16	8421466821	1371272	6033825	0	64
2023-12-17	8421466821	1372390	6033825	0	62
2023-12-18	8421466821	1373560	6033825	0	63
2023-12-19	8421466821	1374718	6033825	0	60
2023-12-20	8421466821	1375850	6033825	0	61
2023-12-21	8421466821	1376976	6033825	0	56
2023-12-22	8421466821	1378083	6033825	0	53
2023-12-23	8421466821	1379112	6033825	0	49
2023-12-24	8421466821	1380147	6033825	0	47
2023-12-25	8421466821	1381199	6033825	0	49
2023-12-26	8421466821	1382269	6033825	0	49
2023-12-27	8421466821	1383378	6033825	0	51
2023-12-28	8421466821	1384464	6033825	0	56
2023-12-29	8421466821	1385504	6033825	0	56
2023-12-30	8421466821	1386530	6033825	0	56
2023-12-31	8421466821	1387542	6033825	0	55
2024-01-01	8421466821	1388548	6033825	0	52
2024-01-02	8421466821	1388548	6033825	0	None
2024-01-03	8421466821	1388548	6033825	0	None
2024-01-04	8421466821	1388548	6033825	0	None
2024-01-05	8421466821	1388548	6033825	0	None
2024-01-06	8421466821	1388548	6033825	0	None
2024-01-07	8421466821	1388548	6033825	0	None
2024-01-08	8421466821	1388548	6033825	0	None
2024-01-09	8421466821	1388548	6033825	0	None
2024-01-10	8421466821	1388548	6033825	0	None
2024-01-11	8421466821	1388548	6033825	0	None
2024-01-12	8421466821	1388548	6033825	0	None
2024-01-13	8421466821	1388548	6033825	0	None
2024-01-14	8421466821	1388548	6033825	0	None
2024-01-15	8421466821	1388548	6033825	0	None
2024-01-16	8421466821	1388548	6033825	0	None
2024-01-17	8421466821	1388548	6033825	0	None
2024-01-18	8421466821	1388548	6033825	0	None
2024-01-19	8421466821	1388548	6033825	0	None
2024-01-20	8421466821	1388548	6033825	0	None
2024-01-21	8421466821	1388548	6033825	0	None
2024-01-22	8421466821	1388548	6033825	0	None
2024-01-23	8421466821	1388548	6033825	0	None
2024-01-24	8421466821	1388548	6033825	0	None
2024-01-25	8421466821	1388548	6033825	0	None
2024-01-26	8421466821	1388548	6033825	0	None
2024-01-27	8421466821	1388548	6033825	0	None
2024-01-28	8421466821	1388548	6033825	0	None
2024-01-29	8421466821	1388548	6033825	0	None
2024-01-30	8421466821	1388548	6033825	0	None
2024-01-31	8421466821	1388548	6033825	0	None
2024-02-01	8421466821	1388548	6033825	0	None
2024-02-02	8421466821	1388548	6033825	0	None
2024-02-03	8421466821	1388548	6033825	0	None
2024-02-04	8421466821	1388548	6033825	0	None
2024-02-05	8421466821	1388548	6033825	0	None
2024-02-06	8421466821	1388548	6033825	0	None
2024-02-07	8421466821	1388548	6033825	0	None
2024-02-08	8421466821	1388548	6033825	0	None
2024-02-09	8421466821	1388548	6033825	0	None
2024-02-10	8421466821	1388548	6033825	0	None
2024-02-11	8421466821	1388548	6033825	0	None
2024-02-12	8421466821	1388548	6033825	0	None
2024-02-13	8421466821	1388548	6033825	0	None
2024-02-14	8421466821	1388548	6033825	0	None
2024-02-15	8421466821	1388548	6033825	0	None
2024-02-16	8421466821	1388548	6033825	0	None
2024-02-17	8421466821	1388548	6033825	0	None
2024-02-18	8421466821	1388548	6033825	0	None
2024-02-19	8421466821	1388548	6033825	0	None
2024-02-20	8421466821	1388548	6033825	0	None
2024-02-21	8421466821	1388548	6033825	0	None
2024-02-22	8421466821	1388548	6033825	0	None
2024-02-23	8421466821	1388548	6033825	0	None
2024-02-24	8421466821	1388548	6033825	0	None
2024-02-25	8421466821	1388548	6033825	0	None
2024-02-26	8421466821	1388548	6033825	0	None
2024-03-04	8421466821	1388548	6033825	0	None
2024-03-11	8421466821	1388548	6033825	0	None
